userID,username,password,phoneNumber
7805,gggfyibs,gt0csp0e,626546695
6537,bfoxbjuk,rdkstygp,327549591
6131,mwxvjhdt,2nat3msj,596545570
3246,hjoedxtv,2otn42m3,371192718
7387,uumnfpcw,444xc7ie,426317568
4433,trkmfcxe,li44npji,269569181
8601,ozgfvbjo,q41o1ws4,257965445
6182,jcwenwlj,cj4ohb7x,954455269
2964,mpvvozmw,b1mh0mke,851189731
2500,eeuyqigu,3e2hufog,272658085
6207,nnjqzenv,998odoka,446388717
1342,okmcbajv,zij9byjc,773643190
8511,fzulfmqf,wqvc15er,448717021
4922,djtkyewg,z2aom7dr,105052711
1859,qglaaqqp,fu59y0us,676320904
3984,fchiocxp,q46yiyzj,379358475
276,sbggiaxo,oz530gad,899798011
7535,bvczcsdm,uj5rar21,709005576
1740,fmrhctrb,lsog7htn,71608488
2906,bchtuhta,8ii8q448,484866855
8128,pjmsvdux,z1lppeso,491349753
8071,vxzidwzi,nt70kdel,540841925
9984,szotorne,nqntdo8l,975197149
8454,kiuzhdla,oqbh9n1o,339422280
1071,xcctliue,mwbe6y4o,893592659
1495,mjqdmyxf,jcdi57mu,975925763
5520,dzjnihaf,gcs6r4wu,640535534
1093,bknxzuli,c27r1h4a,810933516
4292,wabeajie,padgpeue,899589743
952,nygzjbyv,d8k00ord,274830691
9608,dedhupqe,725fs4b8,744131562
4288,nrpgldsw,hw2w03he,48929108
3616,eawkpjwt,gd6wcv5r,70383001
1231,uqltwsdm,8o31v1zy,339312804
632,povjoyqq,c215eihp,348774115
5500,dphmgysv,6imdxq7h,682350719
8599,lajylmcd,utqn2y5y,580411205
2327,ishlqmwj,ghe1zqrl,579346414
7600,khtqulji,muk2m7jw,752990634
7438,nxypbovd,4m6hrt5r,474425334
2931,mrlrvfat,aex0ciyc,588246766
4884,nixqufmi,w7hq7mmw,974882832
2588,vbnentyb,y5njj5ox,971248072
9775,tjhhygqg,2p4jocsv,15567602
1217,ccmyeifp,01b2p6bq,748662451
234,yrkwrivl,iaxfaymq,267972132
4370,rtijytau,rnmaqv4j,223373119
8808,xftyctdk,n04r8ezc,288498982
2547,lyfszivs,yxr0fvbx,839929332
4200,tyuanwod,g43xu1fi,391809821
8897,mvucaecv,q8uwbbjj,232705919
8682,sbofdhec,k5ti3u4w,387720946
1718,srmrofya,smiv0rh3,156601995
9650,frxxabeo,c4mkx7xy,1302074
118,rbrojjmr,jlcxenp4,606874999
9614,tfurhdfq,895u1pvm,998614155
8412,omugcgzg,qvr51jnh,27986804
4119,ybvvxpya,er3t8rjm,327488525
2296,vkqwisdv,gcdu8jtd,956608342
4483,wezahumw,0o47qbvm,8100577
7512,lwepypdv,igi4qlto,878142802
1881,psazzkuy,294vzaxq,478181043
1101,wctrambq,3vu3zmm7,52187194
4723,qehdjuil,k5rfft8n,102377240
6025,oqeaxjnm,68a40pv6,842282656
879,hbayvhgj,231lilas,749468507
613,smvkdgzq,r8u2uckq,164375562
2143,svldgywo,ld6htcsg,141413276
5937,hztlobxu,fut5cnfd,853305422
286,ldcfojcs,2a6dbeiy,355520527
2663,czvimyzt,1ywf6fi2,770746818
979,itenyvkd,0svcool6,89469771
6966,inrbjbty,8tpqmmjk,376170530
7910,doeptkuq,vl4u5i8g,425375994
1873,bzvoygcs,8rejlzos,289353127
2931,nscqqulg,0bns5b5l,478765788
8199,hxbirlkx,2ehr6wwe,742579255
9,twojxlev,3kaah89i,51944624
9981,iwxulzaz,npmt2qqz,953154268
3455,nzojscch,pn6anmn7,589780879
4262,fiwmsoyw,cenuhcbg,978826980
7788,qfakhijx,6dflffho,532660069
4252,roxtmdvj,urpus3y7,639697579
1622,qmtinuje,qs5m7lc5,148615989
1072,vzvjcrdn,m23iyz1y,123356087
8167,watizzzw,jprhyn73,340347205
2433,jkmaksvj,9rgiit88,524793494
2680,osvzhwli,wehcokh2,651112785
2329,qsobjyzt,yoy5xqny,784832955
7380,nsfapamy,1hkleu9l,173383120
8066,rftnlsgc,j2bc61k3,735342654
4095,rnrmhkqu,ccgcz3z8,595623539
5816,zpgzryrg,pinci8pl,187439300
8415,vnsoflap,jc8u8gqd,136752592
5370,koqvkeli,404tg7fw,975966362
2225,ypgweaoj,8x6o4zx2,852102540
3321,dnpvsean,cd7ykcmt,410909293
9100,lcwuajjb,uvkn5xmk,272407512
7584,csicwbyb,bv31px3f,123703438
7959,ixwhanjl,036ut4dp,815260620
4858,watumbbx,wpxxwe8s,280123680
1165,sikoidlu,x4a0l5xu,674795231
6966,rmoowfzi,gr0bvx2m,999115177
7585,bqbhfabe,jlprjiml,141959604
6117,cythybut,pcgvdaip,266529059
5589,wxeakgwo,3uhuo7v4,236740826
5343,mjmqjbnf,sjead80o,742189576
6823,jcupyuhw,ysfww2hh,20784923
2744,fxybynrw,1qadfvbj,687103727
3892,irgpqivb,5l0aexxr,493714108
6094,bjreuzjc,ot910ji8,804474255
1833,pshgaqkp,pshjfg6a,494293963
2919,tyuwyefl,qjgzpjnf,200257963
8178,hvjquuae,109onwtq,487311342
5780,tulthwkv,ay51lo7f,41105389
9322,avgtaoqw,ihraqax2,353338639
198,nywqxayu,yxdeemfv,858229897
5906,pxpipbif,eemxj8iu,580879144
6676,oezbrfal,y372jo0i,809338320
8701,gxszbzvp,e9w1u4iu,332598738
5366,likcsnbd,todqghdk,410413474
4083,asldpfex,w9m56wcr,928516446
9409,tzudkmpa,0nduph1r,338850101
1999,sqwkgele,6ytezerw,156460007
9301,ifdashbh,s95un2mc,588121270
1756,hqhifkid,2424e7vi,738478929
2773,dnkkorcv,m9wws4nk,615981236
7782,iwjdfsoy,b0te71kj,47961459
1129,ylcewuyw,lywg180q,143921094
6844,nhftuyuu,znd70sc3,885182903
2483,apcfnvym,i3hi6upe,129310261
8805,ihiocdrs,5ng17x48,778481845
3994,nkterbdw,2ofnbqjf,488422976
5660,lkhmcgwh,em3h3o1z,868325304
1854,lhrgeora,trjhmgg3,354018883
7332,svgrtwww,nq4kox7f,858600068
1286,ywgzshmy,biu5nhcc,934244190
554,nlasxdpj,eta8lk93,803187577
1055,kbhyytkk,8nyclii5,643712144
2589,kxlwhpct,0ed8z37g,876532892
8304,ibxnkeuf,xeyeoi33,442466025
7462,lmkexdrj,iptyi7g6,994169232
5772,fqzuupmn,e81ic95v,890142395
9773,pgjbexdn,3kr74s9m,435102948
9875,wrvrjxvg,94c4sww8,878102165
4309,fabvddue,3vubmeut,642281156
6307,vvvhkxja,xx3iw0s5,895953010
7873,jfeqhegq,tkhh94jr,911532505
9290,hsbxxdcb,6nz8xazm,638764347
7210,zkqldlme,fow9mhge,586612061
6348,hvkpxwwz,0xgltvge,4600093
2589,yxteygrb,xczjfiim,892868254
6754,jplggzzx,bcsq71pb,184654569
315,ibwluhyj,4xhybqq7,802789714
9730,pshfdfmn,vna40y2d,355213788
4018,ptqojulx,tz4of3p4,189628429
3653,sxfrenym,535f2zqx,57958538
2989,jwzqvjfd,r569z1nv,29704995
1270,auizsccv,7lzonuls,320465526
6412,juxqlwip,g91tvro6,719420474
5734,ymimewlz,rajhjnr3,749431051
1164,hxmuerwr,oiiacm45,551655974
5491,mpdexlrq,cleiy5y4,705251442
6460,lbiubuqu,xgrcq7th,839024883
6271,akiredqq,qj9zgutj,233988201
4537,eumoacmb,mpt83glw,662710715
4906,khgqfxaz,7ig3x1p3,364095761
9693,auvmijbj,mlhadlbo,865681498
8667,eqzbyhom,eumio5q0,106890856
2585,fleauhlh,mi2a7odj,125187367
9163,ndsiacnx,d2788lb6,961025151
445,rmvyjeui,w3yalil1,763439028
3036,xhloptuv,z1eov0rt,966442799
6549,gdbdiigb,txl7tglg,382212706
3960,nzxkmlzs,wnttjigh,491649428
5422,ksgxjymz,mlqfun25,462816393
1094,nnodvbbr,0jb1zlrx,174175378
7806,anqgjtsp,aqbjgbyf,891982454
2654,rxjrdbxu,xl1actz7,634077990
7721,jtfqizob,40vawxde,494563112
5065,pzigsune,frrmht6o,448531434
110,xodpwnqf,7swfdg83,879864839
2937,mxukfjll,frtdq7bb,673980469
5138,cxbmmgxq,h7rwxyqb,90170404
4860,plobxcdv,3z2aqbjl,836603135
8300,dxhhryoo,okn5998o,357937995
8228,kltxxouo,a1dj5ea9,257512119
2638,ikcypxda,zzxvnn49,877236143
838,xipvujgb,0n7g53fz,225485445
2104,qsjemgou,crq4zkmf,590638940
9198,llmhusbe,u98fpp7n,637145365
6290,zzihpmpy,lyk2bgiw,688253728
8900,weukviqk,3tp9pis3,182867534
7033,scvyepiq,wvmysfop,659468409
9395,fyjtqpwm,ril4go01,519549978
4307,sbsixbdx,bpdb1jf4,916650081
2723,ganrotlv,vyrms2rz,380999286
9361,gcmhaoes,c5dl5pbv,950651490
7481,fkvibawz,2q0gbk5o,733852566
5220,wxogvpan,eenmbrrq,832058667